top	left	bottom	right	slug	name	iso	woeid
15.6331029325	-61.4492152573	15.4448715277	-61.2686319651	2345161	Saint Andrew	DM	2345161
15.509906318	-61.3345710921	15.316662299	-61.2492274642	2345162	Saint David	DM	2345162
15.3455235867	-61.3935855778	15.253797919	-61.3041595117	2345163	Saint George	DM	2345163
15.633826402	-61.4889285958	15.5030075143	-61.4077190821	2345164	Saint John	DM	2345164
15.471	-61.469	15.379	-61.338	2345165	Saint Joseph	DM	2345165
15.2603349876	-61.373147549	15.2358920358	-61.3556550769	2345166	Saint Luke	DM	2345166
15.2437985299	-61.3761189441	15.2018114283	-61.3463791573	2345167	Saint Mark	DM	2345167
15.3326561553	-61.3566110904	15.2116816271	-61.2536974761	2345168	Saint Patrick	DM	2345168
15.4049514836	-61.4159873114	15.3128124048	-61.3274397443	2345169	Saint Paul	DM	2345169
15.5341684026	-61.4839934959	15.4663430853	-61.4056778629	2345170	Saint Peter	DM	2345170
