top	left	bottom	right	slug	name	iso	woeid
31.8780286732	34.247863397	29.4896990012	35.4581254415	2345791	Southern	IL	2345791
32.4090298526	34.6659257345	31.7658391383	35.0322599627	2345792	Central	IL	2345792
33.2823615581	35.0248702326	32.3849744736	35.6495866229	2345793	Northern	IL	2345793
32.868	34.876	32.375	35.205	2345794	Haifa	IL	2345794
32.204	34.732	31.994	34.89	2345795	Tel Aviv	IL	2345795
31.844	34.844	31.588	35.232	2345796	Jerusalem	IL	2345796
