top	left	bottom	right	slug	name	iso	woeid
41.042	67.387	38.918	70.984	20070294	Leninobod	TJ	20070294
38.7347936063	67.7718636409	36.9256533881	70.4390910172	20070295	Khatlon	TJ	20070295
39.469	70.255	36.674	75.137	20070296	Kuhistoni Badakhshon	TJ	20070296
39.614	68.058	37.88	72.239	20070297	Karategin	TJ	20070297
